date,revenue
2026-03-01,844.0
2026-03-02,321.0
2026-03-03,414.0
2026-03-04,486.0
2026-03-05,336.0
2026-03-06,765.0
2026-03-07,1709.0
2026-03-08,264.0
2026-03-09,659.0
2026-03-10,756.0
2026-03-11,264.0
2026-03-12,522.0
2026-03-13,303.0
2026-03-14,1442.0
2026-03-15,623.0
2026-03-16,345.0
2026-03-17,255.0
2026-03-18,364.0
2026-03-19,394.0
2026-03-20,644.0
2026-03-21,794.0
2026-03-22,363.0
2026-03-23,373.0
2026-03-24,496.0
2026-03-25,513.0
2026-03-26,449.0
2026-03-27,550.0
2026-03-28,1159.0
2026-03-29,1101.0
2026-03-30,531.0
2026-03-31,19.0
2026-02-01,0.0
2026-02-02,980.0
2026-02-03,0.0
2026-02-04,1081.0
2026-02-05,889.0
2026-02-06,887.0
2026-02-07,1344.0
2026-02-08,1319.0
2026-02-09,845.0
2026-02-10,474.0
2026-02-11,808.0
2026-02-12,655.0
2026-02-13,481.0
2026-02-14,1227.0
2026-02-15,972.0
2026-02-16,944.0
2026-02-17,982.0
2026-02-18,653.0
2026-02-19,608.0
2026-02-20,451.0
2026-02-21,995.0
2026-02-22,797.0
2026-02-23,626.0
2026-02-24,302.0
2026-02-25,644.0
2026-02-26,502.0
2026-02-27,427.0
2026-02-28,1506.0
2026-01-01,0.0
2026-01-02,0.0
2026-01-03,928.0
2026-01-04,802.0
2026-01-05,957.0
2026-01-06,885.0
2026-01-07,1079.0
2026-01-08,1424.0
2026-01-09,1025.0
2026-01-10,0.0
2026-01-11,1054.0
2026-01-12,1169.0
2026-01-13,1126.0
2026-01-14,1017.0
2026-01-15,844.0
2026-01-16,994.0
2026-01-17,997.0
2026-01-18,981.0
2026-01-19,862.0
2026-01-20,846.0
2026-01-21,831.0
2026-01-22,674.0
2026-01-23,423.0
2026-01-24,1467.0
2026-01-25,921.0
2026-01-26,1017.0
2026-01-27,672.0
2026-01-28,483.0
2026-01-29,518.0
2026-01-30,1037.0
2026-01-31,1497.0
2025-12-01,491.0
2025-12-02,554.0
2025-12-03,700.0
2025-12-04,809.0
2025-12-05,992.0
2025-12-06,2487.0
2025-12-07,922.0
2025-12-08,0.0
2025-12-09,519.0
2025-12-10,743.0
2025-12-11,801.0
2025-12-12,0.0
2025-12-13,1538.0
2025-12-14,751.0
2025-12-15,663.0
2025-12-16,650.0
2025-12-17,695.0
2025-12-18,733.0
2025-12-19,1109.0
2025-12-20,1864.0
2025-12-21,1099.0
2025-12-22,933.0
2025-12-23,1265.0
2025-12-24,2026.0
2025-12-25,0.0
2025-12-26,885.0
2025-12-27,1456.0
2025-12-28,1009.0
2025-12-29,828.0
2025-12-30,1247.0
2025-12-31,640.0
2025-11-01,344.0
2025-11-02,885.0
2025-11-03,557.0
2025-11-04,549.0
2025-11-05,422.0
2025-11-06,775.0
2025-11-07,824.0
2025-11-08,1338.0
2025-11-09,759.0
2025-11-10,850.0
2025-11-11,714.0
2025-11-12,0.0
2025-11-13,263.0
2025-11-14,1091.0
2025-11-15,1010.0
2025-11-16,1046.0
2025-11-17,269.0
2025-11-18,301.0
2025-11-19,651.0
2025-11-20,1041.0
2025-11-21,1125.0
2025-11-22,1236.0
2025-11-23,732.0
2025-11-24,604.0
2025-11-25,787.0
2025-11-26,731.0
2025-11-27,652.0
2025-11-28,940.0
2025-11-29,1944.0
2025-11-30,1565.0
2025-10-01,296.0
2025-10-02,269.0
2025-10-03,349.0
2025-10-04,1454.0
2025-10-05,1254.0
2025-10-06,306.0
2025-10-07,253.0
2025-10-08,341.0
2025-10-09,285.0
2025-10-10,974.0
2025-10-11,1500.0
2025-10-12,0.0
2025-10-13,470.0
2025-10-14,655.0
2025-10-15,643.0
2025-10-16,134.0
2025-10-17,121.0
2025-10-18,820.0
2025-10-19,0.0
2025-10-20,563.0
2025-10-21,592.0
2025-10-22,248.0
2025-10-23,590.0
2025-10-24,485.0
2025-10-25,978.0
2025-10-26,308.0
2025-10-27,734.0
2025-10-28,18.0
2025-10-29,73.0
2025-10-30,568.0
2025-10-31,677.0
2025-09-01,347.0
2025-09-02,573.0
2025-09-03,560.0
2025-09-04,178.0
2025-09-05,100.0
2025-09-06,855.0
2025-09-07,696.0
2025-09-08,975.0
2025-09-09,474.0
2025-09-10,925.0
2025-09-11,564.0
2025-09-12,757.0
2025-09-13,1457.0
2025-09-14,530.0
2025-09-15,362.0
2025-09-16,531.0
2025-09-17,504.0
2025-09-18,580.0
2025-09-19,532.0
2025-09-20,1020.0
2025-09-21,0.0
2025-09-22,485.0
2025-09-23,601.0
2025-09-24,598.0
2025-09-25,827.0
2025-09-26,486.0
2025-09-27,900.0
2025-09-28,766.0
2025-09-29,442.0
2025-09-30,0.0
2025-08-01,576.0
2025-08-02,1154.0
2025-08-03,0.0
2025-08-04,0.0
2025-08-05,347.0
2025-08-06,513.0
2025-08-07,636.0
2025-08-08,410.0
2025-08-09,1042.0
2025-08-10,0.0
2025-08-11,454.0
2025-08-12,455.0
2025-08-13,440.0
2025-08-14,413.0
2025-08-15,397.0
2025-08-16,1505.0
2025-08-17,790.0
2025-08-18,508.0
2025-08-19,432.0
2025-08-20,409.0
2025-08-21,679.0
2025-08-22,647.0
2025-08-23,809.0
2025-08-24,0.0
2025-08-25,103.0
2025-08-26,282.0
2025-08-27,377.0
2025-08-28,382.0
2025-08-29,630.0
2025-08-30,1043.0
2025-08-31,473.0
2025-07-01,152.0
2025-07-02,243.0
2025-07-03,543.0
2025-07-04,544.0
2025-07-05,1147.0
2025-07-06,689.0
2025-07-07,911.0
2025-07-08,515.0
2025-07-09,546.0
2025-07-10,476.0
2025-07-11,455.0
2025-07-12,1046.0
2025-07-13,946.0
2025-07-14,830.0
2025-07-15,659.0
2025-07-16,610.0
2025-07-17,152.0
2025-07-18,400.0
2025-07-19,1220.0
2025-07-20,748.0
2025-07-21,628.0
2025-07-22,434.0
2025-07-23,500.0
2025-07-24,0.0
2025-07-25,742.0
2025-07-26,982.0
2025-07-27,0.0
2025-07-28,377.0
2025-07-29,204.0
2025-07-30,386.0
2025-07-31,434.0
2025-06-01,747.0
2025-06-02,293.0
2025-06-03,256.0
2025-06-04,342.0
2025-06-05,0.0
2025-06-06,531.0
2025-06-07,1237.0
2025-06-08,711.0
2025-06-09,600.0
2025-06-10,535.0
2025-06-11,372.0
2025-06-12,323.0
2025-06-13,572.0
2025-06-14,493.0
2025-06-15,393.0
2025-06-16,542.0
2025-06-17,341.0
2025-06-18,587.0
2025-06-19,624.0
2025-06-20,0.0
2025-06-21,516.0
2025-06-22,226.0
2025-06-23,331.0
2025-06-24,200.0
2025-06-25,256.0
2025-06-26,0.0
2025-06-27,392.0
2025-06-28,633.0
2025-06-29,300.0
2025-06-30,106.0
2025-05-01,0.0
2025-05-02,806.0
2025-05-03,745.0
2025-05-04,576.0
2025-05-05,609.0
2025-05-06,422.0
2025-05-07,602.0
2025-05-08,826.0
2025-05-09,260.0
2025-05-10,1215.0
2025-05-11,360.0
2025-05-12,506.0
2025-05-13,407.0
2025-05-14,337.0
2025-05-15,325.0
2025-05-16,339.0
2025-05-17,925.0
2025-05-18,544.0
2025-05-19,355.0
2025-05-20,184.0
2025-05-21,678.0
2025-05-22,212.0
2025-05-23,439.0
2025-05-24,605.0
2025-05-25,642.0
2025-05-26,282.0
2025-05-27,303.0
2025-05-28,0.0
2025-05-29,56.0
2025-05-30,393.0
2025-05-31,687.0
2025-04-01,333.0
2025-04-02,436.0
2025-04-03,500.0
2025-04-04,422.0
2025-04-05,825.0
2025-04-06,794.0
2025-04-07,541.0
2025-04-08,0.0
2025-04-09,639.0
2025-04-10,387.0
2025-04-11,390.0
2025-04-12,220.0
2025-04-13,0.0
2025-04-14,581.0
2025-04-15,275.0
2025-04-16,420.0
2025-04-17,648.0
2025-04-18,695.0
2025-04-19,522.0
2025-04-20,294.0
2025-04-21,500.0
2025-04-22,225.0
2025-04-23,228.0
2025-04-24,0.0
2025-04-25,296.0
2025-04-26,718.0
2025-04-27,669.0
2025-04-28,302.0
2025-04-29,328.0
2025-04-30,275.0
2025-03-02,515.0
2025-03-03,708.0
2025-03-04,1166.0
2025-03-05,151.0
2025-03-06,482.0
2025-03-07,860.0
2025-03-08,1642.0
2025-03-09,538.0
2025-03-10,780.0
2025-03-11,0.0
2025-03-12,494.0
2025-03-13,349.0
2025-03-14,682.0
2025-03-15,233.0
2025-03-16,824.0
2025-03-17,432.0
2025-03-18,381.0
2025-03-19,384.0
2025-03-20,481.0
2025-03-21,515.0
2025-03-22,0.0
2025-03-23,302.0
2025-03-24,527.0
2025-03-25,151.0
2025-03-26,442.0
2025-03-27,314.0
2025-03-28,491.0
2025-03-29,783.0
2025-03-30,650.0
2025-03-31,395.0
2025-02-01,492.0
2025-02-02,0.0
2025-02-03,765.0
2025-02-04,815.0
2025-02-05,519.0
2025-02-06,707.0
2025-02-07,571.0
2025-02-08,1009.0
2025-02-09,190.0
2025-02-10,513.0
2025-02-11,765.0
2025-02-12,509.0
2025-02-13,500.0
2025-02-14,571.0
2025-02-15,802.0
2025-02-16,668.0
2025-02-17,429.0
2025-02-18,463.0
2025-02-19,364.0
2025-02-20,532.0
2025-02-21,209.0
2025-02-22,782.0
2025-02-23,514.0
2025-02-24,603.0
2025-02-25,727.0
2025-02-26,242.0
2025-02-27,524.0
2025-02-28,551.0
2025-01-01,0.0
2025-01-02,0.0
2025-01-03,1015.0
2025-01-04,711.0
2025-01-05,978.0
2025-01-06,908.0
2025-01-07,1105.0
2025-01-08,796.0
2025-01-09,805.0
2025-01-10,992.0
2025-01-11,1257.0
2025-01-12,609.0
2025-01-13,525.0
2025-01-14,751.0
2025-01-15,856.0
2025-01-16,1068.0
2025-01-17,867.0
2025-01-18,926.0
2025-01-19,738.0
2025-01-20,598.0
2025-01-21,607.0
2025-01-22,498.0
2025-01-23,448.0
2025-01-24,1019.0
2025-01-25,488.0
2025-01-26,0.0
2025-01-27,312.0
2025-01-28,425.0
2025-01-29,450.0
2025-01-30,671.0
2025-01-31,528.0
2024-12-02,408.0
2024-12-03,385.0
2024-12-04,400.0
2024-12-05,541.0
2024-12-06,630.0
2024-12-07,244.0
2024-12-08,0.0
2024-12-09,416.0
2024-12-10,786.0
2024-12-11,900.0
2024-12-12,705.0
2024-12-13,470.0
2024-12-14,1303.0
2024-12-15,1144.0
2024-12-16,1474.0
2024-12-17,967.0
2024-12-18,906.0
2024-12-19,358.0
2024-12-20,1079.0
2024-12-21,1707.0
2024-12-22,1233.0
2024-12-23,1400.0
2024-12-24,921.0
2024-12-25,0.0
2024-12-26,1016.0
2024-12-27,796.0
2024-12-28,957.0
2024-12-29,788.0
2024-12-30,860.0
2024-12-31,645.0
2024-11-01,548.0
2024-11-02,0.0
2024-11-03,651.0
2024-11-04,526.0
2024-11-05,340.0
2024-11-06,564.0
2024-11-07,0.0
2024-11-08,637.0
2024-11-09,1748.0
2024-11-10,612.0
2024-11-11,139.0
2024-11-12,354.0
2024-11-13,1131.0
2024-11-14,927.0
2024-11-15,660.0
2024-11-16,0.0
2024-11-17,625.0
2024-11-18,615.0
2024-11-19,702.0
2024-11-20,916.0
2024-11-21,0.0
2024-11-22,300.0
2024-11-23,624.0
2024-11-24,791.0
2024-11-25,617.0
2024-11-26,553.0
2024-11-27,521.0
2024-11-28,139.0
2024-11-29,540.0
2024-11-30,1766.0
2024-10-01,577.0
2024-10-02,586.0
2024-10-03,319.0
2024-10-04,594.0
2024-10-05,1771.0
2024-10-06,583.0
2024-10-07,1291.0
2024-10-08,564.0
2024-10-09,0.0
2024-10-10,0.0
2024-10-11,0.0
2024-10-12,1472.0
2024-10-13,1420.0
2024-10-14,908.0
2024-10-15,470.0
2024-10-16,366.0
2024-10-17,498.0
2024-10-18,285.0
2024-10-19,469.0
2024-10-20,371.0
2024-10-21,330.0
2024-10-22,491.0
2024-10-23,481.0
2024-10-24,46.0
2024-10-25,388.0
2024-10-26,918.0
2024-10-27,732.0
2024-10-28,662.0
2024-10-29,0.0
2024-10-30,435.0
2024-10-31,673.0
2024-09-01,0.0
2024-09-02,568.0
2024-09-03,624.0
2024-09-04,213.0
2024-09-05,277.0
2024-09-06,685.0
2024-09-07,1891.0
2024-09-08,1056.0
2024-09-09,810.0
2024-09-10,642.0
2024-09-11,572.0
2024-09-12,513.0
2024-09-13,663.0
2024-09-14,346.0
2024-09-15,0.0
2024-09-16,182.0
2024-09-17,463.0
2024-09-18,393.0
2024-09-19,342.0
2024-09-20,0.0
2024-09-21,1126.0
2024-09-22,898.0
2024-09-23,523.0
2024-09-24,440.0
2024-09-25,515.0
2024-09-26,62.0
2024-09-27,280.0
2024-09-28,1405.0
2024-09-29,645.0
2024-09-30,435.0
2024-08-01,424.0
2024-08-02,488.0
2024-08-03,995.0
2024-08-04,833.0
2024-08-05,469.0
2024-08-06,720.0
2024-08-07,149.0
2024-08-08,206.0
2024-08-09,362.0
2024-08-10,1009.0
2024-08-11,0.0
2024-08-12,219.0
2024-08-13,267.0
2024-08-14,236.0
2024-08-15,555.0
2024-08-16,657.0
2024-08-17,1257.0
2024-08-18,839.0
2024-08-19,651.0
2024-08-20,470.0
2024-08-21,534.0
2024-08-22,462.0
2024-08-23,166.0
2024-08-24,364.0
2024-08-25,0.0
2024-08-26,669.0
2024-08-27,691.0
2024-08-28,423.0
2024-08-29,419.0
2024-08-30,601.0
2024-08-31,994.0
2024-07-01,370.0
2024-07-02,248.0
2024-07-03,524.0
2024-07-04,430.0
2024-07-05,381.0
2024-07-06,1136.0
2024-07-07,0.0
2024-07-08,0.0
2024-07-09,0.0
2024-07-10,282.0
2024-07-11,0.0
2024-07-12,0.0
2024-07-13,0.0
2024-07-14,0.0
2024-07-15,287.0
2024-07-16,324.0
2024-07-17,638.0
2024-07-18,471.0
2024-07-19,507.0
2024-07-20,1063.0
2024-07-21,1007.0
2024-07-22,585.0
2024-07-23,473.0
2024-07-24,564.0
2024-07-25,431.0
2024-07-26,418.0
2024-07-27,732.0
2024-07-28,0.0
2024-07-29,293.0
2024-07-30,209.0
2024-07-31,491.0
2024-06-01,775.0
2024-06-02,693.0
2024-06-03,529.0
2024-06-04,468.0
2024-06-05,401.0
2024-06-06,650.0
2024-06-07,636.0
2024-06-08,1115.0
2024-06-09,775.0
2024-06-10,864.0
2024-06-11,269.0
2024-06-12,536.0
2024-06-13,336.0
2024-06-14,410.0
2024-06-15,630.0
2024-06-16,136.0
2024-06-17,142.0
2024-06-18,478.0
2024-06-19,479.0
2024-06-20,457.0
2024-06-21,454.0
2024-06-22,851.0
2024-06-23,619.0
2024-06-24,424.0
2024-06-25,176.0
2024-06-26,243.0
2024-06-27,333.0
2024-06-28,233.0
2024-06-29,411.0
2024-06-30,0.0
2024-05-01,0.0
2024-05-02,440.0
2024-05-03,0.0
2024-05-04,1302.0
2024-05-05,840.0
2024-05-06,479.0
2024-05-07,545.0
2024-05-08,732.0
2024-05-09,377.0
2024-05-10,622.0
2024-05-11,1418.0
2024-05-12,623.0
2024-05-13,51.0
2024-05-14,378.0
2024-05-15,197.0
2024-05-16,479.0
2024-05-17,484.0
2024-05-18,282.0
2024-05-19,371.0
2024-05-20,407.0
2024-05-21,220.0
2024-05-22,406.0
2024-05-23,46.0
2024-05-24,65.0
2024-05-25,294.0
2024-05-26,158.0
2024-05-27,0.0
2024-05-28,173.0
2024-05-29,272.0
2024-05-30,743.0
2024-05-31,512.0
2024-04-01,0.0
2024-04-02,242.0
2024-04-03,367.0
2024-04-04,587.0
2024-04-05,377.0
2024-04-06,1582.0
2024-04-07,0.0
2024-04-08,656.0
2024-04-09,446.0
2024-04-10,444.0
2024-04-11,446.0
2024-04-12,593.0
2024-04-13,916.0
2024-04-14,0.0
2024-04-15,409.0
2024-04-16,0.0
2024-04-17,332.0
2024-04-18,266.0
2024-04-19,411.0
2024-04-20,669.0
2024-04-21,548.0
2024-04-22,584.0
2024-04-23,42.0
2024-04-24,0.0
2024-04-25,387.0
2024-04-26,497.0
2024-04-27,1394.0
2024-04-28,0.0
2024-04-29,556.0
2024-04-30,407.0
2024-03-01,692.0
2024-03-02,1094.0
2024-03-03,704.0
2024-03-04,394.0
2024-03-05,560.0
2024-03-06,434.0
2024-03-07,537.0
2024-03-08,368.0
2024-03-09,1500.0
2024-03-10,1006.0
2024-03-11,648.0
2024-03-12,587.0
2024-03-13,592.0
2024-03-14,580.0
2024-03-15,348.0
2024-03-16,1107.0
2024-03-17,0.0
2024-03-18,439.0
2024-03-19,408.0
2024-03-20,667.0
2024-03-21,408.0
2024-03-22,578.0
2024-03-23,1038.0
2024-03-24,817.0
2024-03-25,503.0
2024-03-26,551.0
2024-03-27,362.0
2024-03-28,0.0
2024-03-29,867.0
2024-03-30,658.0
2024-03-31,0.0
2024-02-01,577.0
2024-02-02,494.0
2024-02-03,1536.0
2024-02-04,939.0
2024-02-05,247.0
2024-02-06,167.0
2024-02-07,540.0
2024-02-08,827.0
2024-02-09,750.0
2024-02-10,1467.0
2024-02-11,848.0
2024-02-12,639.0
2024-02-13,184.0
2024-02-14,318.0
2024-02-15,291.0
2024-02-16,687.0
2024-02-17,1163.0
2024-02-18,557.0
2024-02-19,180.0
2024-02-20,474.0
2024-02-21,305.0
2024-02-22,616.0
2024-02-23,393.0
2024-02-24,342.0
2024-02-25,0.0
2024-02-26,445.0
2024-02-27,401.0
2024-02-28,375.0
2024-02-29,395.0
2024-01-01,0.0
2024-01-02,795.0
2024-01-03,603.0
2024-01-04,906.0
2024-01-05,927.0
2024-01-06,1373.0
2024-01-07,906.0
2024-01-08,1062.0
2024-01-09,564.0
2024-01-10,933.0
2024-01-11,569.0
2024-01-12,489.0
2024-01-13,0.0
2024-01-14,683.0
2024-01-15,482.0
2024-01-16,773.0
2024-01-17,748.0
2024-01-18,887.0
2024-01-19,662.0
2024-01-20,935.0
2024-01-21,602.0
2024-01-22,572.0
2024-01-23,551.0
2024-01-24,640.0
2024-01-25,515.0
2024-01-26,664.0
2024-01-27,909.0
2024-01-28,131.0
2024-01-29,850.0
2024-01-30,842.0
2024-01-31,636.0
2023-12-02,1375.0
2023-12-03,752.0
2023-12-04,219.0
2023-12-05,827.0
2023-12-06,837.0
2023-12-07,0.0
2023-12-08,978.0
2023-12-09,1781.0
2023-12-10,664.0
2023-12-11,806.0
2023-12-12,854.0
2023-12-13,850.0
2023-12-14,621.0
2023-12-15,1051.0
2023-12-16,2222.0
2023-12-17,1258.0
2023-12-18,926.0
2023-12-19,1289.0
2023-12-20,689.0
2023-12-21,1158.0
2023-12-22,1358.0
2023-12-23,1130.0
2023-12-24,295.0
2023-12-25,0.0
2023-12-26,900.0
2023-12-27,926.0
2023-12-28,936.0
2023-12-29,533.0
2023-12-30,1266.0
2023-12-31,0.0
2023-11-01,366.0
2023-11-02,0.0
2023-11-03,0.0
2023-11-04,631.0
2023-11-05,613.0
2023-11-06,641.0
2023-11-07,1002.0
2023-11-08,771.0
2023-11-09,0.0
2023-11-10,804.0
2023-11-11,1711.0
2023-11-12,0.0
2023-11-13,762.0
2023-11-14,0.0
2023-11-15,1021.0
2023-11-16,474.0
2023-11-17,651.0
2023-11-18,800.0
2023-11-19,882.0
2023-11-20,664.0
2023-11-21,634.0
2023-11-22,527.0
2023-11-23,530.0
2023-11-24,371.0
2023-11-25,112.0
2023-11-26,0.0
2023-11-27,0.0
2023-11-28,0.0
2023-11-29,580.0
2023-11-30,893.0
2023-10-01,664.0
2023-10-02,502.0
2023-10-03,452.0
2023-10-04,294.0
2023-10-05,0.0
2023-10-06,910.0
2023-10-07,1155.0
2023-10-08,0.0
2023-10-09,487.0
2023-10-10,629.0
2023-10-11,620.0
2023-10-12,546.0
2023-10-13,505.0
2023-10-14,766.0
2023-10-15,824.0
2023-10-16,710.0
2023-10-17,232.0
2023-10-18,371.0
2023-10-19,162.0
2023-10-20,78.0
2023-10-21,1051.0
2023-10-22,590.0
2023-10-23,390.0
2023-10-24,0.0
2023-10-25,386.0
2023-10-26,226.0
2023-10-27,0.0
2023-10-28,0.0
2023-10-29,0.0
2023-10-30,0.0
2023-10-31,0.0
2023-09-01,394.0
2023-09-02,0.0
2023-09-03,0.0
2023-09-04,126.0
2023-09-05,372.0
2023-09-06,409.0
2023-09-07,808.0
2023-09-08,0.0
2023-09-09,362.0
2023-09-10,1038.0
2023-09-11,644.0
2023-09-12,394.0
2023-09-13,0.0
2023-09-14,68.0
2023-09-15,474.0
2023-09-16,984.0
2023-09-17,950.0
2023-09-18,596.0
2023-09-19,461.0
2023-09-20,311.0
2023-09-21,394.0
2023-09-22,869.0
2023-09-23,1307.0
2023-09-24,742.0
2023-09-25,721.0
2023-09-26,542.0
2023-09-27,0.0
2023-09-28,317.0
2023-09-29,531.0
2023-09-30,998.0
2023-08-01,392.0
2023-08-02,219.0
2023-08-03,212.0
2023-08-04,456.0
2023-08-05,1048.0
2023-08-06,279.0
2023-08-07,110.0
2023-08-08,236.0
2023-08-09,192.0
2023-08-10,365.0
2023-08-11,397.0
2023-08-12,568.0
2023-08-13,84.0
2023-08-14,282.0
2023-08-15,269.0
2023-08-16,219.0
2023-08-17,263.0
2023-08-18,104.0
2023-08-19,252.0
2023-08-20,260.0
2023-08-21,255.0
2023-08-22,0.0
2023-08-23,405.0
2023-08-24,209.0
2023-08-25,271.0
2023-08-26,380.0
2023-08-27,419.0
2023-08-28,394.0
2023-08-29,454.0
2023-08-30,368.0
2023-08-31,377.0
2023-07-01,409.0
2023-07-02,344.0
2023-07-03,194.0
2023-07-04,79.0
2023-07-05,43.0
2023-07-06,215.0
2023-07-07,145.0
2023-07-08,57.0
2023-07-09,513.0
2023-07-10,193.0
2023-07-11,185.0
2023-07-12,276.0
2023-07-13,116.0
2023-07-14,325.0
2023-07-15,356.0
2023-07-16,400.0
2023-07-17,52.0
2023-07-18,337.0
2023-07-19,258.0
2023-07-20,220.0
2023-07-21,251.0
2023-07-22,607.0
2023-07-23,464.0
2023-07-24,323.0
2023-07-25,288.0
2023-07-26,155.0
2023-07-27,192.0
2023-07-28,116.0
2023-07-29,421.0
2023-07-30,278.0
2023-07-31,187.0
2023-06-01,120.0
2023-06-02,115.0
2023-06-03,555.0
2023-06-04,324.0
2023-06-05,194.0
2023-06-06,270.0
2023-06-07,304.0
2023-06-08,525.0
2023-06-09,398.0
2023-06-10,627.0
2023-06-11,0.0
2023-06-12,0.0
2023-06-13,0.0
2023-06-14,0.0
2023-06-15,0.0
2023-06-16,141.0
2023-06-17,441.0
2023-06-18,377.0
2023-06-19,173.0
2023-06-20,220.0
2023-06-21,118.0
2023-06-22,0.0
2023-06-23,0.0
2023-06-24,461.0
2023-06-25,255.0
2023-06-26,157.0
2023-06-27,259.0
2023-06-28,100.0
2023-06-29,0.0
2023-06-30,0.0
2023-05-01,0.0
2023-05-02,183.0
2023-05-03,0.0
2023-05-04,244.0
2023-05-05,388.0
2023-05-06,1200.0
2023-05-07,666.0
2023-05-08,223.0
2023-05-09,230.0
2023-05-10,209.0
2023-05-11,141.0
2023-05-12,184.0
2023-05-13,829.0
2023-05-14,177.0
2023-05-15,234.0
2023-05-16,186.0
2023-05-17,155.0
2023-05-18,197.0
2023-05-19,234.0
2023-05-20,420.0
2023-05-21,394.0
2023-05-22,107.0
2023-05-23,171.0
2023-05-24,101.0
2023-05-25,150.0
2023-05-26,223.0
2023-05-28,0.0
2023-05-29,154.0
2023-05-30,26.0
2023-05-31,108.0
2023-04-01,735.0
2023-04-03,411.0
2023-04-04,126.0
2023-04-05,198.0
2023-04-06,0.0
2023-04-07,787.0
2023-04-08,953.0
2023-04-10,359.0
2023-04-11,377.0
2023-04-12,195.0
2023-04-13,200.0
2023-04-14,149.0
2023-04-15,552.0
2023-04-17,75.0
2023-04-18,269.0
2023-04-19,166.0
2023-04-20,210.0
2023-04-21,357.0
2023-04-22,392.0
2023-04-23,490.0
2023-04-24,400.0
2023-04-25,129.0
2023-04-26,207.0
2023-04-27,158.0
2023-04-28,145.0
2023-04-29,535.0
2023-04-30,0.0
2023-03-01,379.0
2023-03-02,285.0
2023-03-03,265.0
2023-03-04,1040.0
2023-03-06,511.0
2023-03-07,512.0
2023-03-08,428.0
2023-03-09,4.0
2023-03-10,421.0
2023-03-11,561.0
2023-03-12,681.0
2023-03-13,172.0
2023-03-14,185.0
2023-03-15,442.0
2023-03-16,332.0
2023-03-17,401.0
2023-03-18,1041.0
2023-03-20,277.0
2023-03-21,288.0
2023-03-22,310.0
2023-03-23,267.0
2023-03-24,268.0
2023-03-25,709.0
2023-03-27,431.0
2023-03-28,431.0
2023-03-29,71.0
2023-03-31,416.0
2023-02-01,467.0
2023-02-02,312.0
2023-02-03,178.0
2023-02-04,1196.0
2023-02-06,781.0
2023-02-07,0.0
2023-02-08,701.0
2023-02-09,639.0
2023-02-10,105.0
2023-02-11,546.0
2023-02-13,330.0
2023-02-14,20.0
2023-02-15,386.0
2023-02-16,185.0
2023-02-17,262.0
2023-02-18,712.0
2023-02-20,0.0
2023-02-21,462.0
2023-02-22,250.0
2023-02-23,5.0
2023-02-24,255.0
2023-02-25,688.0
2023-02-26,0.0
2023-02-27,237.0
2023-02-28,52.0
2023-01-01,0.0
2023-01-02,942.0
2023-01-03,540.0
2023-01-04,560.0
2023-01-05,700.0
2023-01-06,812.0
2023-01-09,616.0
2023-01-10,504.0
2023-01-11,887.0
2023-01-12,319.0
2023-01-13,44.0
2023-01-14,542.0
2023-01-16,570.0
2023-01-17,268.0
2023-01-18,408.0
2023-01-19,549.0
2023-01-20,708.0
2023-01-23,703.0
2023-01-24,376.0
2023-01-25,512.0
2023-01-26,482.0
2023-01-27,573.0
2023-01-28,900.0
2023-01-30,160.0
2023-01-31,60.0
2023-01-07,614.0
2023-01-08,726.0
2023-01-15,486.0
2023-01-21,362.0
2023-01-22,870.0
2022-12-01,566.0
2022-12-02,0.0
2022-12-03,1140.0
2022-12-04,737.0
2022-12-05,554.0
2022-12-06,670.0
2022-12-07,957.0
2022-12-08,829.0
2022-12-09,826.0
2022-12-10,1449.0
2022-12-11,475.0
2022-12-12,430.0
2022-12-13,542.0
2022-12-14,569.0
2022-12-15,388.0
2022-12-16,729.0
2022-12-17,814.0
2022-12-18,990.0
2022-12-19,654.0
2022-12-20,860.0
2022-12-21,757.0
2022-12-22,758.0
2022-12-23,1121.0
2022-12-24,1317.0
2022-12-25,0.0
2022-12-26,855.0
2022-12-27,734.0
2022-12-28,738.0
2022-12-29,700.0
2022-12-30,796.0
2022-12-31,667.0
2026-04-01,500.0
2026-04-02,700.0
2026-04-03,1330.0
2026-04-04,1671.0
2026-04-05,0.0
2026-04-06,625.0
2026-04-07,334.0
2026-04-08,454.0
2026-04-09,373.0
2026-04-10,615.0
2026-04-11,1265.0
2026-04-12,0.0
2026-04-13,720.0
2026-04-14,437.0
2026-04-15,227.0
2026-04-16,331.0
2026-04-17,526.0
2026-04-18,1071.0
2026-04-19,767.0
2026-04-20,886.0
2026-04-21,550.0
2026-04-22,415.0
2026-04-23,395.0
2026-04-24,0.0
2026-04-25,0.0
2026-04-26,0.0
2026-04-27,100.0
2026-04-28,156.0
2026-04-29,0.0
2026-04-30,516.0
2026-05-01,859.0
2026-05-02,116.0
2026-05-03,521.0
2026-05-04,469.0
2026-05-05,344.0
2026-05-06,292.0
2026-05-07,648.0
2026-05-08,0.0
2026-05-09,1270.0
2026-05-10,298.0
2026-05-11,462.0
2026-05-12,449.0
2026-05-13,391.0
2026-05-14,248.0
2026-05-15,166.0
2026-05-16,719.0
2026-05-17,0.0
2026-05-18,239.0
2026-05-19,235.0
2026-05-20,221.0
2026-05-21,296.0
2026-05-22,0.0
2026-05-23,702.0
2026-05-24,737.0
2026-05-25,513.0
2026-05-26,293.0
2026-05-27,343.0
2026-05-28,464.0
2026-05-29,276.0
2026-05-30,631.0
2026-05-31,625.0
2026-06-01,332.0
2026-06-02,418.0
2026-06-03,200.0
2026-06-04,1007.0
2026-06-05,583.0
2026-06-06,774.0
2026-06-07,836.0
2026-06-08,526.0
2026-06-09,459.0
2026-06-10,0.0
2026-06-11,0.0
2026-06-12,318.0
2026-06-13,785.0
2026-06-14,277.0
2026-06-15,354.0
2026-06-16,153.0
2026-06-17,245.0
2026-06-18,160.0
2026-06-19,0.0
2026-06-20,670.0
2026-06-21,295.0
2026-06-22,0.0
2026-06-23,194.0
2026-06-24,145.0
2026-06-25,227.0
2026-06-26,1600.0
2026-06-27,0.0
2026-06-28,100.0
2026-06-29,140.0
2026-06-30,138.0
2026-07-01,625.0
2026-07-02,130.0
2026-07-03,114.0
2026-07-04,1180.0
2026-07-05,0.0
2026-07-06,0.0
2026-07-07,278.0
2026-07-08,711.0
2026-07-09,709.0
2026-07-10,477.0
2026-07-11,0.0
2026-07-12,708.0
2026-07-13,236.0
2026-07-14,334.0
2026-07-15,509.0
2026-07-16,646.0
2026-07-17,621.0
2026-07-18,969.0
2026-07-19,518.0
2026-07-20,723.0
2026-07-21,624.0
2026-07-22,0.0
2026-07-23,485.0
2026-07-24,175.0
2026-07-25,1188.0
2026-07-26,1018.0
2026-07-27,582.0
2026-07-28,574.0
2026-07-29,497.0
2026-07-30,487.0
2026-07-31,574.0
